{
  "balanced_anomaly_threshold": 0.5996767238532973,
  "recon_error_min": 0.02764807641506195,
  "recon_error_max": 1.2453969717025757,
  "lung_mask_threshold": 0.35
}