{
  "balanced_anomaly_threshold": 0.44,
  "recon_error_min": 0.5739957690238953,
  "recon_error_max": 1.6993191242218018,
  "lung_mask_threshold": 0.35
}